location,avg_temperature,avg_humidity
BuildingA_Floor1,24.962286821705433,55.05523255813953
BuildingB_Floor1,24.911389961389972,55.92760617760617
BuildingB_Floor2,24.687456896551705,54.4181034482759
BuildingA_Floor2,24.209362549800794,55.61430278884462
